1,【焙煎珈琲】グアテマラ_200g .j,10,25,28
2,【焙煎珈琲】ブラックハロウィンブレンド_200g .j,90,100,84
3,【焙煎珈琲】プレミアムブレンド_200g .j,50,75,42
4,【焙煎珈琲】タイ　ドイトンコーヒー_200g .j,85,50,84
5,【焙煎珈琲】オンラインストア限定　ホンジュラス　スイートアフター_200g .j,30,25,42
6,【焙煎珈琲】ドイトンブレンド_200g .j,60,50,56
7,【焙煎珈琲】マンデリンフレンチ_200g .j,95,75,84
8,【焙煎珈琲】フローラルモカ_200g .j,20,25,28
9,【焙煎珈琲】カナリオ_200g .j,40,25,42
10,【焙煎珈琲】ウーマンズハンド　フェアトレードブレンド_200g .j,40,25,28
11,【焙煎珈琲】ケニア_200g .j,15,75,42
12,【焙煎珈琲】ハワイコナ_200g .j,0,50,28
13,【焙煎珈琲】ハロウィンブレンド_200g .j,40,50,42
14,【焙煎珈琲】ブラジル_200g .j,50,50,42
15,【焙煎珈琲】グアテマラ・アンティグア　ラ･コムニダ農園_200g .j,20,50,28
16,【焙煎珈琲】ツッカーノブルボン_200g .j,50,75,42
17,【焙煎珈琲】カフェオレブレンド_200g .j,70,75,63
18,【焙煎珈琲】ブルーマウンテン　No.1_200g .j,50,50,28
19,【焙煎珈琲】エスプレッソブレンド_200g .j,90,100,77
20,【焙煎珈琲】イタリアンロースト_200g .j,100,50,91
21,【焙煎珈琲】アメリカンブレンド_200g .j,35,0,35
22,【焙煎珈琲】ノエル_200g.j,90,100,91
23,【焙煎珈琲】ハッピーホリデイズブレンド_200g .j,30,100,42
24,【焙煎珈琲】キリマンジャロ_200g .j,15,50,28
25,【焙煎珈琲】モーニングブレンド_200g .j,85,50,77
26,【焙煎珈琲】モカブレンド_200g .j,20,75,35
27,【焙煎珈琲】バードフレンドリー(R)　ダークロースト_200g .j,90,50,84
28,【焙煎珈琲】マンデリン_200g .j,80,75,42
29,【焙煎珈琲】オンラインストア限定　メキシコ　サンタ・クルス農園　ナチュラル_200g .j,40,75,42
30,【焙煎珈琲】コロンビア_200g .j,30,100,28
31,【焙煎珈琲】マイルドカルディ_200g .j,50,50,35
32,【焙煎珈琲】オンラインストア限定 ブラジル　スイートエスプレッソ_200g.j,60,50,70
33,【焙煎珈琲】オンラインストア限定　コスタリカ　スムースモーニング_200g .j,60,25,56
34,【焙煎珈琲】バードフレンドリー(R)　ブレンド_200g .j,50,50,28
35,【焙煎珈琲】オンラインストア限定　タンザニア　ベルベットビター_200g.j,70,50,70
36,【焙煎珈琲】バードフレンドリー(R)　エチオピアモカ_200g .j,60,50,56
37,【焙煎珈琲】モカマタリ_200g .j,25,100,28
38,【焙煎珈琲】スペシャルブレンド_200g .j,70,75,35
39,【焙煎珈琲】オンラインストア限定　パナマゲイシャ_200g .j,5,50,28
40,【焙煎珈琲】ブルーマウンテンブレンド_200g .j,50,50,35
41,【焙煎珈琲】オンラインストア限定　コロンビア　カンポ・エルモソ農園　ゲイシャ_200g .j,10,50,28
42,【焙煎珈琲】リッチブレンド_200g .j,90,100,91
43,【焙煎珈琲】オンラインストア限定　百年樹珈琲_200g .j,50,0,42
44,【焙煎珈琲】オーガニックデカフェ_200g .j,60,50,70
